{
  "roc_auc": 0.5613861146487328,
  "pr_auc": 0.01098434264461985,
  "classification_report": {
    "0": {
      "precision": 0.9948323138578359,
      "recall": 0.9484214759702393,
      "f1-score": 0.9710726786081944,
      "support": 9946.0
    },
    "1": {
      "precision": 0.009652509652509652,
      "recall": 0.09259259259259259,
      "f1-score": 0.017482517482517484,
      "support": 54.0
    },
    "accuracy": 0.9438,
    "macro avg": {
      "precision": 0.5022424117551728,
      "recall": 0.520507034281416,
      "f1-score": 0.4942775980453559,
      "support": 10000.0
    },
    "weighted avg": {
      "precision": 0.989512342915127,
      "recall": 0.9438,
      "f1-score": 0.9659232917381155,
      "support": 10000.0
    }
  },
  "confusion_matrix": [
    [
      9433,
      513
    ],
    [
      49,
      5
    ]
  ],
  "positive_rate_test": 0.0054
}